scenario,crim_pos,crim_strat,crim_bounded_rat,crim_max_diverge,pol_strat,pol_guarding,Police_entrance,units,P_multiple_at_station
0,centre,random,True,10,furthest,metro_platform,main,3,5
1,centre,random,True,10,furthest,metro_platform,main,5,5
2,centre,random,True,10,furthest,metro_platform,main,10,5
3,centre,random,True,10,furthest,metro_platform,side,3,5
4,centre,random,True,10,furthest,metro_platform,side,5,5
5,centre,random,True,10,furthest,metro_platform,side,10,5
6,centre,random,True,10,furthest,station_exit,main,3,5
7,centre,random,True,10,furthest,station_exit,main,5,5
8,centre,random,True,10,furthest,station_exit,main,10,5
9,centre,random,True,10,furthest,station_exit,side,3,5
10,centre,random,True,10,furthest,station_exit,side,5,5
11,centre,random,True,10,furthest,station_exit,side,10,5
12,centre,random,True,10,largest,metro_platform,main,3,5
13,centre,random,True,10,largest,metro_platform,main,5,5
14,centre,random,True,10,largest,metro_platform,main,10,5
15,centre,random,True,10,largest,metro_platform,side,3,5
16,centre,random,True,10,largest,metro_platform,side,5,5
17,centre,random,True,10,largest,metro_platform,side,10,5
18,centre,random,True,10,largest,station_exit,main,3,5
19,centre,random,True,10,largest,station_exit,main,5,5
20,centre,random,True,10,largest,station_exit,main,10,5
21,centre,random,True,10,largest,station_exit,side,3,5
22,centre,random,True,10,largest,station_exit,side,5,5
23,centre,random,True,10,largest,station_exit,side,10,5
24,centre,random,True,10,surround,metro_platform,main,3,5
25,centre,random,True,10,surround,metro_platform,main,5,5
26,centre,random,True,10,surround,metro_platform,main,10,5
27,centre,random,True,10,surround,metro_platform,side,3,5
28,centre,random,True,10,surround,metro_platform,side,5,5
29,centre,random,True,10,surround,metro_platform,side,10,5
30,centre,random,True,10,surround,station_exit,main,3,5
31,centre,random,True,10,surround,station_exit,main,5,5
32,centre,random,True,10,surround,station_exit,main,10,5
33,centre,random,True,10,surround,station_exit,side,3,5
34,centre,random,True,10,surround,station_exit,side,5,5
35,centre,random,True,10,surround,station_exit,side,10,5
36,centre,random,False,10,furthest,metro_platform,main,3,5
37,centre,random,False,10,furthest,metro_platform,main,5,5
38,centre,random,False,10,furthest,metro_platform,main,10,5
39,centre,random,False,10,furthest,metro_platform,side,3,5
40,centre,random,False,10,furthest,metro_platform,side,5,5
41,centre,random,False,10,furthest,metro_platform,side,10,5
42,centre,random,False,10,furthest,station_exit,main,3,5
43,centre,random,False,10,furthest,station_exit,main,5,5
44,centre,random,False,10,furthest,station_exit,main,10,5
45,centre,random,False,10,furthest,station_exit,side,3,5
46,centre,random,False,10,furthest,station_exit,side,5,5
47,centre,random,False,10,furthest,station_exit,side,10,5
48,centre,random,False,10,largest,metro_platform,main,3,5
49,centre,random,False,10,largest,metro_platform,main,5,5
50,centre,random,False,10,largest,metro_platform,main,10,5
51,centre,random,False,10,largest,metro_platform,side,3,5
52,centre,random,False,10,largest,metro_platform,side,5,5
53,centre,random,False,10,largest,metro_platform,side,10,5
54,centre,random,False,10,largest,station_exit,main,3,5
55,centre,random,False,10,largest,station_exit,main,5,5
56,centre,random,False,10,largest,station_exit,main,10,5
57,centre,random,False,10,largest,station_exit,side,3,5
58,centre,random,False,10,largest,station_exit,side,5,5
59,centre,random,False,10,largest,station_exit,side,10,5
60,centre,random,False,10,surround,metro_platform,main,3,5
61,centre,random,False,10,surround,metro_platform,main,5,5
62,centre,random,False,10,surround,metro_platform,main,10,5
63,centre,random,False,10,surround,metro_platform,side,3,5
64,centre,random,False,10,surround,metro_platform,side,5,5
65,centre,random,False,10,surround,metro_platform,side,10,5
66,centre,random,False,10,surround,station_exit,main,3,5
67,centre,random,False,10,surround,station_exit,main,5,5
68,centre,random,False,10,surround,station_exit,main,10,5
69,centre,random,False,10,surround,station_exit,side,3,5
70,centre,random,False,10,surround,station_exit,side,5,5
71,centre,random,False,10,surround,station_exit,side,10,5
72,centre,to_train,True,10,furthest,metro_platform,main,3,5
73,centre,to_train,True,10,furthest,metro_platform,main,5,5
74,centre,to_train,True,10,furthest,metro_platform,main,10,5
75,centre,to_train,True,10,furthest,metro_platform,side,3,5
76,centre,to_train,True,10,furthest,metro_platform,side,5,5
77,centre,to_train,True,10,furthest,metro_platform,side,10,5
78,centre,to_train,True,10,furthest,station_exit,main,3,5
79,centre,to_train,True,10,furthest,station_exit,main,5,5
80,centre,to_train,True,10,furthest,station_exit,main,10,5
81,centre,to_train,True,10,furthest,station_exit,side,3,5
82,centre,to_train,True,10,furthest,station_exit,side,5,5
83,centre,to_train,True,10,furthest,station_exit,side,10,5
84,centre,to_train,True,10,largest,metro_platform,main,3,5
85,centre,to_train,True,10,largest,metro_platform,main,5,5
86,centre,to_train,True,10,largest,metro_platform,main,10,5
87,centre,to_train,True,10,largest,metro_platform,side,3,5
88,centre,to_train,True,10,largest,metro_platform,side,5,5
89,centre,to_train,True,10,largest,metro_platform,side,10,5
90,centre,to_train,True,10,largest,station_exit,main,3,5
91,centre,to_train,True,10,largest,station_exit,main,5,5
92,centre,to_train,True,10,largest,station_exit,main,10,5
93,centre,to_train,True,10,largest,station_exit,side,3,5
94,centre,to_train,True,10,largest,station_exit,side,5,5
95,centre,to_train,True,10,largest,station_exit,side,10,5
96,centre,to_train,True,10,surround,metro_platform,main,3,5
97,centre,to_train,True,10,surround,metro_platform,main,5,5
98,centre,to_train,True,10,surround,metro_platform,main,10,5
99,centre,to_train,True,10,surround,metro_platform,side,3,5
100,centre,to_train,True,10,surround,metro_platform,side,5,5
101,centre,to_train,True,10,surround,metro_platform,side,10,5
102,centre,to_train,True,10,surround,station_exit,main,3,5
103,centre,to_train,True,10,surround,station_exit,main,5,5
104,centre,to_train,True,10,surround,station_exit,main,10,5
105,centre,to_train,True,10,surround,station_exit,side,3,5
106,centre,to_train,True,10,surround,station_exit,side,5,5
107,centre,to_train,True,10,surround,station_exit,side,10,5
108,centre,to_train,False,10,furthest,metro_platform,main,3,5
109,centre,to_train,False,10,furthest,metro_platform,main,5,5
110,centre,to_train,False,10,furthest,metro_platform,main,10,5
111,centre,to_train,False,10,furthest,metro_platform,side,3,5
112,centre,to_train,False,10,furthest,metro_platform,side,5,5
113,centre,to_train,False,10,furthest,metro_platform,side,10,5
114,centre,to_train,False,10,furthest,station_exit,main,3,5
115,centre,to_train,False,10,furthest,station_exit,main,5,5
116,centre,to_train,False,10,furthest,station_exit,main,10,5
117,centre,to_train,False,10,furthest,station_exit,side,3,5
118,centre,to_train,False,10,furthest,station_exit,side,5,5
119,centre,to_train,False,10,furthest,station_exit,side,10,5
120,centre,to_train,False,10,largest,metro_platform,main,3,5
121,centre,to_train,False,10,largest,metro_platform,main,5,5
122,centre,to_train,False,10,largest,metro_platform,main,10,5
123,centre,to_train,False,10,largest,metro_platform,side,3,5
124,centre,to_train,False,10,largest,metro_platform,side,5,5
125,centre,to_train,False,10,largest,metro_platform,side,10,5
126,centre,to_train,False,10,largest,station_exit,main,3,5
127,centre,to_train,False,10,largest,station_exit,main,5,5
128,centre,to_train,False,10,largest,station_exit,main,10,5
129,centre,to_train,False,10,largest,station_exit,side,3,5
130,centre,to_train,False,10,largest,station_exit,side,5,5
131,centre,to_train,False,10,largest,station_exit,side,10,5
132,centre,to_train,False,10,surround,metro_platform,main,3,5
133,centre,to_train,False,10,surround,metro_platform,main,5,5
134,centre,to_train,False,10,surround,metro_platform,main,10,5
135,centre,to_train,False,10,surround,metro_platform,side,3,5
136,centre,to_train,False,10,surround,metro_platform,side,5,5
137,centre,to_train,False,10,surround,metro_platform,side,10,5
138,centre,to_train,False,10,surround,station_exit,main,3,5
139,centre,to_train,False,10,surround,station_exit,main,5,5
140,centre,to_train,False,10,surround,station_exit,main,10,5
141,centre,to_train,False,10,surround,station_exit,side,3,5
142,centre,to_train,False,10,surround,station_exit,side,5,5
143,centre,to_train,False,10,surround,station_exit,side,10,5
144,centre,furthest,True,10,furthest,metro_platform,main,3,5
145,centre,furthest,True,10,furthest,metro_platform,main,5,5
146,centre,furthest,True,10,furthest,metro_platform,main,10,5
147,centre,furthest,True,10,furthest,metro_platform,side,3,5
148,centre,furthest,True,10,furthest,metro_platform,side,5,5
149,centre,furthest,True,10,furthest,metro_platform,side,10,5
150,centre,furthest,True,10,furthest,station_exit,main,3,5
151,centre,furthest,True,10,furthest,station_exit,main,5,5
152,centre,furthest,True,10,furthest,station_exit,main,10,5
153,centre,furthest,True,10,furthest,station_exit,side,3,5
154,centre,furthest,True,10,furthest,station_exit,side,5,5
155,centre,furthest,True,10,furthest,station_exit,side,10,5
156,centre,furthest,True,10,largest,metro_platform,main,3,5
157,centre,furthest,True,10,largest,metro_platform,main,5,5
158,centre,furthest,True,10,largest,metro_platform,main,10,5
159,centre,furthest,True,10,largest,metro_platform,side,3,5
160,centre,furthest,True,10,largest,metro_platform,side,5,5
161,centre,furthest,True,10,largest,metro_platform,side,10,5
162,centre,furthest,True,10,largest,station_exit,main,3,5
163,centre,furthest,True,10,largest,station_exit,main,5,5
164,centre,furthest,True,10,largest,station_exit,main,10,5
165,centre,furthest,True,10,largest,station_exit,side,3,5
166,centre,furthest,True,10,largest,station_exit,side,5,5
167,centre,furthest,True,10,largest,station_exit,side,10,5
168,centre,furthest,True,10,surround,metro_platform,main,3,5
169,centre,furthest,True,10,surround,metro_platform,main,5,5
170,centre,furthest,True,10,surround,metro_platform,main,10,5
171,centre,furthest,True,10,surround,metro_platform,side,3,5
172,centre,furthest,True,10,surround,metro_platform,side,5,5
173,centre,furthest,True,10,surround,metro_platform,side,10,5
174,centre,furthest,True,10,surround,station_exit,main,3,5
175,centre,furthest,True,10,surround,station_exit,main,5,5
176,centre,furthest,True,10,surround,station_exit,main,10,5
177,centre,furthest,True,10,surround,station_exit,side,3,5
178,centre,furthest,True,10,surround,station_exit,side,5,5
179,centre,furthest,True,10,surround,station_exit,side,10,5
180,centre,furthest,False,10,furthest,metro_platform,main,3,5
181,centre,furthest,False,10,furthest,metro_platform,main,5,5
182,centre,furthest,False,10,furthest,metro_platform,main,10,5
183,centre,furthest,False,10,furthest,metro_platform,side,3,5
184,centre,furthest,False,10,furthest,metro_platform,side,5,5
185,centre,furthest,False,10,furthest,metro_platform,side,10,5
186,centre,furthest,False,10,furthest,station_exit,main,3,5
187,centre,furthest,False,10,furthest,station_exit,main,5,5
188,centre,furthest,False,10,furthest,station_exit,main,10,5
189,centre,furthest,False,10,furthest,station_exit,side,3,5
190,centre,furthest,False,10,furthest,station_exit,side,5,5
191,centre,furthest,False,10,furthest,station_exit,side,10,5
192,centre,furthest,False,10,largest,metro_platform,main,3,5
193,centre,furthest,False,10,largest,metro_platform,main,5,5
194,centre,furthest,False,10,largest,metro_platform,main,10,5
195,centre,furthest,False,10,largest,metro_platform,side,3,5
196,centre,furthest,False,10,largest,metro_platform,side,5,5
197,centre,furthest,False,10,largest,metro_platform,side,10,5
198,centre,furthest,False,10,largest,station_exit,main,3,5
199,centre,furthest,False,10,largest,station_exit,main,5,5
200,centre,furthest,False,10,largest,station_exit,main,10,5
201,centre,furthest,False,10,largest,station_exit,side,3,5
202,centre,furthest,False,10,largest,station_exit,side,5,5
203,centre,furthest,False,10,largest,station_exit,side,10,5
204,centre,furthest,False,10,surround,metro_platform,main,3,5
205,centre,furthest,False,10,surround,metro_platform,main,5,5
206,centre,furthest,False,10,surround,metro_platform,main,10,5
207,centre,furthest,False,10,surround,metro_platform,side,3,5
208,centre,furthest,False,10,surround,metro_platform,side,5,5
209,centre,furthest,False,10,surround,metro_platform,side,10,5
210,centre,furthest,False,10,surround,station_exit,main,3,5
211,centre,furthest,False,10,surround,station_exit,main,5,5
212,centre,furthest,False,10,surround,station_exit,main,10,5
213,centre,furthest,False,10,surround,station_exit,side,3,5
214,centre,furthest,False,10,surround,station_exit,side,5,5
215,centre,furthest,False,10,surround,station_exit,side,10,5
216,end,random,True,10,furthest,metro_platform,main,3,5
217,end,random,True,10,furthest,metro_platform,main,5,5
218,end,random,True,10,furthest,metro_platform,main,10,5
219,end,random,True,10,furthest,metro_platform,side,3,5
220,end,random,True,10,furthest,metro_platform,side,5,5
221,end,random,True,10,furthest,metro_platform,side,10,5
222,end,random,True,10,furthest,station_exit,main,3,5
223,end,random,True,10,furthest,station_exit,main,5,5
224,end,random,True,10,furthest,station_exit,main,10,5
225,end,random,True,10,furthest,station_exit,side,3,5
226,end,random,True,10,furthest,station_exit,side,5,5
227,end,random,True,10,furthest,station_exit,side,10,5
228,end,random,True,10,largest,metro_platform,main,3,5
229,end,random,True,10,largest,metro_platform,main,5,5
230,end,random,True,10,largest,metro_platform,main,10,5
231,end,random,True,10,largest,metro_platform,side,3,5
232,end,random,True,10,largest,metro_platform,side,5,5
233,end,random,True,10,largest,metro_platform,side,10,5
234,end,random,True,10,largest,station_exit,main,3,5
235,end,random,True,10,largest,station_exit,main,5,5
236,end,random,True,10,largest,station_exit,main,10,5
237,end,random,True,10,largest,station_exit,side,3,5
238,end,random,True,10,largest,station_exit,side,5,5
239,end,random,True,10,largest,station_exit,side,10,5
240,end,random,True,10,surround,metro_platform,main,3,5
241,end,random,True,10,surround,metro_platform,main,5,5
242,end,random,True,10,surround,metro_platform,main,10,5
243,end,random,True,10,surround,metro_platform,side,3,5
244,end,random,True,10,surround,metro_platform,side,5,5
245,end,random,True,10,surround,metro_platform,side,10,5
246,end,random,True,10,surround,station_exit,main,3,5
247,end,random,True,10,surround,station_exit,main,5,5
248,end,random,True,10,surround,station_exit,main,10,5
249,end,random,True,10,surround,station_exit,side,3,5
250,end,random,True,10,surround,station_exit,side,5,5
251,end,random,True,10,surround,station_exit,side,10,5
252,end,random,False,10,furthest,metro_platform,main,3,5
253,end,random,False,10,furthest,metro_platform,main,5,5
254,end,random,False,10,furthest,metro_platform,main,10,5
255,end,random,False,10,furthest,metro_platform,side,3,5
256,end,random,False,10,furthest,metro_platform,side,5,5
257,end,random,False,10,furthest,metro_platform,side,10,5
258,end,random,False,10,furthest,station_exit,main,3,5
259,end,random,False,10,furthest,station_exit,main,5,5
260,end,random,False,10,furthest,station_exit,main,10,5
261,end,random,False,10,furthest,station_exit,side,3,5
262,end,random,False,10,furthest,station_exit,side,5,5
263,end,random,False,10,furthest,station_exit,side,10,5
264,end,random,False,10,largest,metro_platform,main,3,5
265,end,random,False,10,largest,metro_platform,main,5,5
266,end,random,False,10,largest,metro_platform,main,10,5
267,end,random,False,10,largest,metro_platform,side,3,5
268,end,random,False,10,largest,metro_platform,side,5,5
269,end,random,False,10,largest,metro_platform,side,10,5
270,end,random,False,10,largest,station_exit,main,3,5
271,end,random,False,10,largest,station_exit,main,5,5
272,end,random,False,10,largest,station_exit,main,10,5
273,end,random,False,10,largest,station_exit,side,3,5
274,end,random,False,10,largest,station_exit,side,5,5
275,end,random,False,10,largest,station_exit,side,10,5
276,end,random,False,10,surround,metro_platform,main,3,5
277,end,random,False,10,surround,metro_platform,main,5,5
278,end,random,False,10,surround,metro_platform,main,10,5
279,end,random,False,10,surround,metro_platform,side,3,5
280,end,random,False,10,surround,metro_platform,side,5,5
281,end,random,False,10,surround,metro_platform,side,10,5
282,end,random,False,10,surround,station_exit,main,3,5
283,end,random,False,10,surround,station_exit,main,5,5
284,end,random,False,10,surround,station_exit,main,10,5
285,end,random,False,10,surround,station_exit,side,3,5
286,end,random,False,10,surround,station_exit,side,5,5
287,end,random,False,10,surround,station_exit,side,10,5
288,end,to_train,True,10,furthest,metro_platform,main,3,5
289,end,to_train,True,10,furthest,metro_platform,main,5,5
290,end,to_train,True,10,furthest,metro_platform,main,10,5
291,end,to_train,True,10,furthest,metro_platform,side,3,5
292,end,to_train,True,10,furthest,metro_platform,side,5,5
293,end,to_train,True,10,furthest,metro_platform,side,10,5
294,end,to_train,True,10,furthest,station_exit,main,3,5
295,end,to_train,True,10,furthest,station_exit,main,5,5
296,end,to_train,True,10,furthest,station_exit,main,10,5
297,end,to_train,True,10,furthest,station_exit,side,3,5
298,end,to_train,True,10,furthest,station_exit,side,5,5
299,end,to_train,True,10,furthest,station_exit,side,10,5
300,end,to_train,True,10,largest,metro_platform,main,3,5
301,end,to_train,True,10,largest,metro_platform,main,5,5
302,end,to_train,True,10,largest,metro_platform,main,10,5
303,end,to_train,True,10,largest,metro_platform,side,3,5
304,end,to_train,True,10,largest,metro_platform,side,5,5
305,end,to_train,True,10,largest,metro_platform,side,10,5
306,end,to_train,True,10,largest,station_exit,main,3,5
307,end,to_train,True,10,largest,station_exit,main,5,5
308,end,to_train,True,10,largest,station_exit,main,10,5
309,end,to_train,True,10,largest,station_exit,side,3,5
310,end,to_train,True,10,largest,station_exit,side,5,5
311,end,to_train,True,10,largest,station_exit,side,10,5
312,end,to_train,True,10,surround,metro_platform,main,3,5
313,end,to_train,True,10,surround,metro_platform,main,5,5
314,end,to_train,True,10,surround,metro_platform,main,10,5
315,end,to_train,True,10,surround,metro_platform,side,3,5
316,end,to_train,True,10,surround,metro_platform,side,5,5
317,end,to_train,True,10,surround,metro_platform,side,10,5
318,end,to_train,True,10,surround,station_exit,main,3,5
319,end,to_train,True,10,surround,station_exit,main,5,5
320,end,to_train,True,10,surround,station_exit,main,10,5
321,end,to_train,True,10,surround,station_exit,side,3,5
322,end,to_train,True,10,surround,station_exit,side,5,5
323,end,to_train,True,10,surround,station_exit,side,10,5
324,end,to_train,False,10,furthest,metro_platform,main,3,5
325,end,to_train,False,10,furthest,metro_platform,main,5,5
326,end,to_train,False,10,furthest,metro_platform,main,10,5
327,end,to_train,False,10,furthest,metro_platform,side,3,5
328,end,to_train,False,10,furthest,metro_platform,side,5,5
329,end,to_train,False,10,furthest,metro_platform,side,10,5
330,end,to_train,False,10,furthest,station_exit,main,3,5
331,end,to_train,False,10,furthest,station_exit,main,5,5
332,end,to_train,False,10,furthest,station_exit,main,10,5
333,end,to_train,False,10,furthest,station_exit,side,3,5
334,end,to_train,False,10,furthest,station_exit,side,5,5
335,end,to_train,False,10,furthest,station_exit,side,10,5
336,end,to_train,False,10,largest,metro_platform,main,3,5
337,end,to_train,False,10,largest,metro_platform,main,5,5
338,end,to_train,False,10,largest,metro_platform,main,10,5
339,end,to_train,False,10,largest,metro_platform,side,3,5
340,end,to_train,False,10,largest,metro_platform,side,5,5
341,end,to_train,False,10,largest,metro_platform,side,10,5
342,end,to_train,False,10,largest,station_exit,main,3,5
343,end,to_train,False,10,largest,station_exit,main,5,5
344,end,to_train,False,10,largest,station_exit,main,10,5
345,end,to_train,False,10,largest,station_exit,side,3,5
346,end,to_train,False,10,largest,station_exit,side,5,5
347,end,to_train,False,10,largest,station_exit,side,10,5
348,end,to_train,False,10,surround,metro_platform,main,3,5
349,end,to_train,False,10,surround,metro_platform,main,5,5
350,end,to_train,False,10,surround,metro_platform,main,10,5
351,end,to_train,False,10,surround,metro_platform,side,3,5
352,end,to_train,False,10,surround,metro_platform,side,5,5
353,end,to_train,False,10,surround,metro_platform,side,10,5
354,end,to_train,False,10,surround,station_exit,main,3,5
355,end,to_train,False,10,surround,station_exit,main,5,5
356,end,to_train,False,10,surround,station_exit,main,10,5
357,end,to_train,False,10,surround,station_exit,side,3,5
358,end,to_train,False,10,surround,station_exit,side,5,5
359,end,to_train,False,10,surround,station_exit,side,10,5
360,end,furthest,True,10,furthest,metro_platform,main,3,5
361,end,furthest,True,10,furthest,metro_platform,main,5,5
362,end,furthest,True,10,furthest,metro_platform,main,10,5
363,end,furthest,True,10,furthest,metro_platform,side,3,5
364,end,furthest,True,10,furthest,metro_platform,side,5,5
365,end,furthest,True,10,furthest,metro_platform,side,10,5
366,end,furthest,True,10,furthest,station_exit,main,3,5
367,end,furthest,True,10,furthest,station_exit,main,5,5
368,end,furthest,True,10,furthest,station_exit,main,10,5
369,end,furthest,True,10,furthest,station_exit,side,3,5
370,end,furthest,True,10,furthest,station_exit,side,5,5
371,end,furthest,True,10,furthest,station_exit,side,10,5
372,end,furthest,True,10,largest,metro_platform,main,3,5
373,end,furthest,True,10,largest,metro_platform,main,5,5
374,end,furthest,True,10,largest,metro_platform,main,10,5
375,end,furthest,True,10,largest,metro_platform,side,3,5
376,end,furthest,True,10,largest,metro_platform,side,5,5
377,end,furthest,True,10,largest,metro_platform,side,10,5
378,end,furthest,True,10,largest,station_exit,main,3,5
379,end,furthest,True,10,largest,station_exit,main,5,5
380,end,furthest,True,10,largest,station_exit,main,10,5
381,end,furthest,True,10,largest,station_exit,side,3,5
382,end,furthest,True,10,largest,station_exit,side,5,5
383,end,furthest,True,10,largest,station_exit,side,10,5
384,end,furthest,True,10,surround,metro_platform,main,3,5
385,end,furthest,True,10,surround,metro_platform,main,5,5
386,end,furthest,True,10,surround,metro_platform,main,10,5
387,end,furthest,True,10,surround,metro_platform,side,3,5
388,end,furthest,True,10,surround,metro_platform,side,5,5
389,end,furthest,True,10,surround,metro_platform,side,10,5
390,end,furthest,True,10,surround,station_exit,main,3,5
391,end,furthest,True,10,surround,station_exit,main,5,5
392,end,furthest,True,10,surround,station_exit,main,10,5
393,end,furthest,True,10,surround,station_exit,side,3,5
394,end,furthest,True,10,surround,station_exit,side,5,5
395,end,furthest,True,10,surround,station_exit,side,10,5
396,end,furthest,False,10,furthest,metro_platform,main,3,5
397,end,furthest,False,10,furthest,metro_platform,main,5,5
398,end,furthest,False,10,furthest,metro_platform,main,10,5
399,end,furthest,False,10,furthest,metro_platform,side,3,5
400,end,furthest,False,10,furthest,metro_platform,side,5,5
401,end,furthest,False,10,furthest,metro_platform,side,10,5
402,end,furthest,False,10,furthest,station_exit,main,3,5
403,end,furthest,False,10,furthest,station_exit,main,5,5
404,end,furthest,False,10,furthest,station_exit,main,10,5
405,end,furthest,False,10,furthest,station_exit,side,3,5
406,end,furthest,False,10,furthest,station_exit,side,5,5
407,end,furthest,False,10,furthest,station_exit,side,10,5
408,end,furthest,False,10,largest,metro_platform,main,3,5
409,end,furthest,False,10,largest,metro_platform,main,5,5
410,end,furthest,False,10,largest,metro_platform,main,10,5
411,end,furthest,False,10,largest,metro_platform,side,3,5
412,end,furthest,False,10,largest,metro_platform,side,5,5
413,end,furthest,False,10,largest,metro_platform,side,10,5
414,end,furthest,False,10,largest,station_exit,main,3,5
415,end,furthest,False,10,largest,station_exit,main,5,5
416,end,furthest,False,10,largest,station_exit,main,10,5
417,end,furthest,False,10,largest,station_exit,side,3,5
418,end,furthest,False,10,largest,station_exit,side,5,5
419,end,furthest,False,10,largest,station_exit,side,10,5
420,end,furthest,False,10,surround,metro_platform,main,3,5
421,end,furthest,False,10,surround,metro_platform,main,5,5
422,end,furthest,False,10,surround,metro_platform,main,10,5
423,end,furthest,False,10,surround,metro_platform,side,3,5
424,end,furthest,False,10,surround,metro_platform,side,5,5
425,end,furthest,False,10,surround,metro_platform,side,10,5
426,end,furthest,False,10,surround,station_exit,main,3,5
427,end,furthest,False,10,surround,station_exit,main,5,5
428,end,furthest,False,10,surround,station_exit,main,10,5
429,end,furthest,False,10,surround,station_exit,side,3,5
430,end,furthest,False,10,surround,station_exit,side,5,5
431,end,furthest,False,10,surround,station_exit,side,10,5
432,one_line,random,True,10,furthest,metro_platform,main,3,5
433,one_line,random,True,10,furthest,metro_platform,main,5,5
434,one_line,random,True,10,furthest,metro_platform,main,10,5
435,one_line,random,True,10,furthest,metro_platform,side,3,5
436,one_line,random,True,10,furthest,metro_platform,side,5,5
437,one_line,random,True,10,furthest,metro_platform,side,10,5
438,one_line,random,True,10,furthest,station_exit,main,3,5
439,one_line,random,True,10,furthest,station_exit,main,5,5
440,one_line,random,True,10,furthest,station_exit,main,10,5
441,one_line,random,True,10,furthest,station_exit,side,3,5
442,one_line,random,True,10,furthest,station_exit,side,5,5
443,one_line,random,True,10,furthest,station_exit,side,10,5
444,one_line,random,True,10,largest,metro_platform,main,3,5
445,one_line,random,True,10,largest,metro_platform,main,5,5
446,one_line,random,True,10,largest,metro_platform,main,10,5
447,one_line,random,True,10,largest,metro_platform,side,3,5
448,one_line,random,True,10,largest,metro_platform,side,5,5
449,one_line,random,True,10,largest,metro_platform,side,10,5
450,one_line,random,True,10,largest,station_exit,main,3,5
451,one_line,random,True,10,largest,station_exit,main,5,5
452,one_line,random,True,10,largest,station_exit,main,10,5
453,one_line,random,True,10,largest,station_exit,side,3,5
454,one_line,random,True,10,largest,station_exit,side,5,5
455,one_line,random,True,10,largest,station_exit,side,10,5
456,one_line,random,True,10,surround,metro_platform,main,3,5
457,one_line,random,True,10,surround,metro_platform,main,5,5
458,one_line,random,True,10,surround,metro_platform,main,10,5
459,one_line,random,True,10,surround,metro_platform,side,3,5
460,one_line,random,True,10,surround,metro_platform,side,5,5
461,one_line,random,True,10,surround,metro_platform,side,10,5
462,one_line,random,True,10,surround,station_exit,main,3,5
463,one_line,random,True,10,surround,station_exit,main,5,5
464,one_line,random,True,10,surround,station_exit,main,10,5
465,one_line,random,True,10,surround,station_exit,side,3,5
466,one_line,random,True,10,surround,station_exit,side,5,5
467,one_line,random,True,10,surround,station_exit,side,10,5
468,one_line,random,False,10,furthest,metro_platform,main,3,5
469,one_line,random,False,10,furthest,metro_platform,main,5,5
470,one_line,random,False,10,furthest,metro_platform,main,10,5
471,one_line,random,False,10,furthest,metro_platform,side,3,5
472,one_line,random,False,10,furthest,metro_platform,side,5,5
473,one_line,random,False,10,furthest,metro_platform,side,10,5
474,one_line,random,False,10,furthest,station_exit,main,3,5
475,one_line,random,False,10,furthest,station_exit,main,5,5
476,one_line,random,False,10,furthest,station_exit,main,10,5
477,one_line,random,False,10,furthest,station_exit,side,3,5
478,one_line,random,False,10,furthest,station_exit,side,5,5
479,one_line,random,False,10,furthest,station_exit,side,10,5
480,one_line,random,False,10,largest,metro_platform,main,3,5
481,one_line,random,False,10,largest,metro_platform,main,5,5
482,one_line,random,False,10,largest,metro_platform,main,10,5
483,one_line,random,False,10,largest,metro_platform,side,3,5
484,one_line,random,False,10,largest,metro_platform,side,5,5
485,one_line,random,False,10,largest,metro_platform,side,10,5
486,one_line,random,False,10,largest,station_exit,main,3,5
487,one_line,random,False,10,largest,station_exit,main,5,5
488,one_line,random,False,10,largest,station_exit,main,10,5
489,one_line,random,False,10,largest,station_exit,side,3,5
490,one_line,random,False,10,largest,station_exit,side,5,5
491,one_line,random,False,10,largest,station_exit,side,10,5
492,one_line,random,False,10,surround,metro_platform,main,3,5
493,one_line,random,False,10,surround,metro_platform,main,5,5
494,one_line,random,False,10,surround,metro_platform,main,10,5
495,one_line,random,False,10,surround,metro_platform,side,3,5
496,one_line,random,False,10,surround,metro_platform,side,5,5
497,one_line,random,False,10,surround,metro_platform,side,10,5
498,one_line,random,False,10,surround,station_exit,main,3,5
499,one_line,random,False,10,surround,station_exit,main,5,5
500,one_line,random,False,10,surround,station_exit,main,10,5
501,one_line,random,False,10,surround,station_exit,side,3,5
502,one_line,random,False,10,surround,station_exit,side,5,5
503,one_line,random,False,10,surround,station_exit,side,10,5
504,one_line,to_train,True,10,furthest,metro_platform,main,3,5
505,one_line,to_train,True,10,furthest,metro_platform,main,5,5
506,one_line,to_train,True,10,furthest,metro_platform,main,10,5
507,one_line,to_train,True,10,furthest,metro_platform,side,3,5
508,one_line,to_train,True,10,furthest,metro_platform,side,5,5
509,one_line,to_train,True,10,furthest,metro_platform,side,10,5
510,one_line,to_train,True,10,furthest,station_exit,main,3,5
511,one_line,to_train,True,10,furthest,station_exit,main,5,5
512,one_line,to_train,True,10,furthest,station_exit,main,10,5
513,one_line,to_train,True,10,furthest,station_exit,side,3,5
514,one_line,to_train,True,10,furthest,station_exit,side,5,5
515,one_line,to_train,True,10,furthest,station_exit,side,10,5
516,one_line,to_train,True,10,largest,metro_platform,main,3,5
517,one_line,to_train,True,10,largest,metro_platform,main,5,5
518,one_line,to_train,True,10,largest,metro_platform,main,10,5
519,one_line,to_train,True,10,largest,metro_platform,side,3,5
520,one_line,to_train,True,10,largest,metro_platform,side,5,5
521,one_line,to_train,True,10,largest,metro_platform,side,10,5
522,one_line,to_train,True,10,largest,station_exit,main,3,5
523,one_line,to_train,True,10,largest,station_exit,main,5,5
524,one_line,to_train,True,10,largest,station_exit,main,10,5
525,one_line,to_train,True,10,largest,station_exit,side,3,5
526,one_line,to_train,True,10,largest,station_exit,side,5,5
527,one_line,to_train,True,10,largest,station_exit,side,10,5
528,one_line,to_train,True,10,surround,metro_platform,main,3,5
529,one_line,to_train,True,10,surround,metro_platform,main,5,5
530,one_line,to_train,True,10,surround,metro_platform,main,10,5
531,one_line,to_train,True,10,surround,metro_platform,side,3,5
532,one_line,to_train,True,10,surround,metro_platform,side,5,5
533,one_line,to_train,True,10,surround,metro_platform,side,10,5
534,one_line,to_train,True,10,surround,station_exit,main,3,5
535,one_line,to_train,True,10,surround,station_exit,main,5,5
536,one_line,to_train,True,10,surround,station_exit,main,10,5
537,one_line,to_train,True,10,surround,station_exit,side,3,5
538,one_line,to_train,True,10,surround,station_exit,side,5,5
539,one_line,to_train,True,10,surround,station_exit,side,10,5
540,one_line,to_train,False,10,furthest,metro_platform,main,3,5
541,one_line,to_train,False,10,furthest,metro_platform,main,5,5
542,one_line,to_train,False,10,furthest,metro_platform,main,10,5
543,one_line,to_train,False,10,furthest,metro_platform,side,3,5
544,one_line,to_train,False,10,furthest,metro_platform,side,5,5
545,one_line,to_train,False,10,furthest,metro_platform,side,10,5
546,one_line,to_train,False,10,furthest,station_exit,main,3,5
547,one_line,to_train,False,10,furthest,station_exit,main,5,5
548,one_line,to_train,False,10,furthest,station_exit,main,10,5
549,one_line,to_train,False,10,furthest,station_exit,side,3,5
550,one_line,to_train,False,10,furthest,station_exit,side,5,5
551,one_line,to_train,False,10,furthest,station_exit,side,10,5
552,one_line,to_train,False,10,largest,metro_platform,main,3,5
553,one_line,to_train,False,10,largest,metro_platform,main,5,5
554,one_line,to_train,False,10,largest,metro_platform,main,10,5
555,one_line,to_train,False,10,largest,metro_platform,side,3,5
556,one_line,to_train,False,10,largest,metro_platform,side,5,5
557,one_line,to_train,False,10,largest,metro_platform,side,10,5
558,one_line,to_train,False,10,largest,station_exit,main,3,5
559,one_line,to_train,False,10,largest,station_exit,main,5,5
560,one_line,to_train,False,10,largest,station_exit,main,10,5
561,one_line,to_train,False,10,largest,station_exit,side,3,5
562,one_line,to_train,False,10,largest,station_exit,side,5,5
563,one_line,to_train,False,10,largest,station_exit,side,10,5
564,one_line,to_train,False,10,surround,metro_platform,main,3,5
565,one_line,to_train,False,10,surround,metro_platform,main,5,5
566,one_line,to_train,False,10,surround,metro_platform,main,10,5
567,one_line,to_train,False,10,surround,metro_platform,side,3,5
568,one_line,to_train,False,10,surround,metro_platform,side,5,5
569,one_line,to_train,False,10,surround,metro_platform,side,10,5
570,one_line,to_train,False,10,surround,station_exit,main,3,5
571,one_line,to_train,False,10,surround,station_exit,main,5,5
572,one_line,to_train,False,10,surround,station_exit,main,10,5
573,one_line,to_train,False,10,surround,station_exit,side,3,5
574,one_line,to_train,False,10,surround,station_exit,side,5,5
575,one_line,to_train,False,10,surround,station_exit,side,10,5
576,one_line,furthest,True,10,furthest,metro_platform,main,3,5
577,one_line,furthest,True,10,furthest,metro_platform,main,5,5
578,one_line,furthest,True,10,furthest,metro_platform,main,10,5
579,one_line,furthest,True,10,furthest,metro_platform,side,3,5
580,one_line,furthest,True,10,furthest,metro_platform,side,5,5
581,one_line,furthest,True,10,furthest,metro_platform,side,10,5
582,one_line,furthest,True,10,furthest,station_exit,main,3,5
583,one_line,furthest,True,10,furthest,station_exit,main,5,5
584,one_line,furthest,True,10,furthest,station_exit,main,10,5
585,one_line,furthest,True,10,furthest,station_exit,side,3,5
586,one_line,furthest,True,10,furthest,station_exit,side,5,5
587,one_line,furthest,True,10,furthest,station_exit,side,10,5
588,one_line,furthest,True,10,largest,metro_platform,main,3,5
589,one_line,furthest,True,10,largest,metro_platform,main,5,5
590,one_line,furthest,True,10,largest,metro_platform,main,10,5
591,one_line,furthest,True,10,largest,metro_platform,side,3,5
592,one_line,furthest,True,10,largest,metro_platform,side,5,5
593,one_line,furthest,True,10,largest,metro_platform,side,10,5
594,one_line,furthest,True,10,largest,station_exit,main,3,5
595,one_line,furthest,True,10,largest,station_exit,main,5,5
596,one_line,furthest,True,10,largest,station_exit,main,10,5
597,one_line,furthest,True,10,largest,station_exit,side,3,5
598,one_line,furthest,True,10,largest,station_exit,side,5,5
599,one_line,furthest,True,10,largest,station_exit,side,10,5
600,one_line,furthest,True,10,surround,metro_platform,main,3,5
601,one_line,furthest,True,10,surround,metro_platform,main,5,5
602,one_line,furthest,True,10,surround,metro_platform,main,10,5
603,one_line,furthest,True,10,surround,metro_platform,side,3,5
604,one_line,furthest,True,10,surround,metro_platform,side,5,5
605,one_line,furthest,True,10,surround,metro_platform,side,10,5
606,one_line,furthest,True,10,surround,station_exit,main,3,5
607,one_line,furthest,True,10,surround,station_exit,main,5,5
608,one_line,furthest,True,10,surround,station_exit,main,10,5
609,one_line,furthest,True,10,surround,station_exit,side,3,5
610,one_line,furthest,True,10,surround,station_exit,side,5,5
611,one_line,furthest,True,10,surround,station_exit,side,10,5
612,one_line,furthest,False,10,furthest,metro_platform,main,3,5
613,one_line,furthest,False,10,furthest,metro_platform,main,5,5
614,one_line,furthest,False,10,furthest,metro_platform,main,10,5
615,one_line,furthest,False,10,furthest,metro_platform,side,3,5
616,one_line,furthest,False,10,furthest,metro_platform,side,5,5
617,one_line,furthest,False,10,furthest,metro_platform,side,10,5
618,one_line,furthest,False,10,furthest,station_exit,main,3,5
619,one_line,furthest,False,10,furthest,station_exit,main,5,5
620,one_line,furthest,False,10,furthest,station_exit,main,10,5
621,one_line,furthest,False,10,furthest,station_exit,side,3,5
622,one_line,furthest,False,10,furthest,station_exit,side,5,5
623,one_line,furthest,False,10,furthest,station_exit,side,10,5
624,one_line,furthest,False,10,largest,metro_platform,main,3,5
625,one_line,furthest,False,10,largest,metro_platform,main,5,5
626,one_line,furthest,False,10,largest,metro_platform,main,10,5
627,one_line,furthest,False,10,largest,metro_platform,side,3,5
628,one_line,furthest,False,10,largest,metro_platform,side,5,5
629,one_line,furthest,False,10,largest,metro_platform,side,10,5
630,one_line,furthest,False,10,largest,station_exit,main,3,5
631,one_line,furthest,False,10,largest,station_exit,main,5,5
632,one_line,furthest,False,10,largest,station_exit,main,10,5
633,one_line,furthest,False,10,largest,station_exit,side,3,5
634,one_line,furthest,False,10,largest,station_exit,side,5,5
635,one_line,furthest,False,10,largest,station_exit,side,10,5
636,one_line,furthest,False,10,surround,metro_platform,main,3,5
637,one_line,furthest,False,10,surround,metro_platform,main,5,5
638,one_line,furthest,False,10,surround,metro_platform,main,10,5
639,one_line,furthest,False,10,surround,metro_platform,side,3,5
640,one_line,furthest,False,10,surround,metro_platform,side,5,5
641,one_line,furthest,False,10,surround,metro_platform,side,10,5
642,one_line,furthest,False,10,surround,station_exit,main,3,5
643,one_line,furthest,False,10,surround,station_exit,main,5,5
644,one_line,furthest,False,10,surround,station_exit,main,10,5
645,one_line,furthest,False,10,surround,station_exit,side,3,5
646,one_line,furthest,False,10,surround,station_exit,side,5,5
647,one_line,furthest,False,10,surround,station_exit,side,10,5
